,subreddit,id,name,title,selftext,score,flair,url,author,created
0,googlehome,igq50f,t3_igq50f,Google Home updates,,1,,https://9to5google.com/2020/08/25/google-home-2-27-dark-theme/amp/,JeremyPatrickMartin,1598407477.0
1,googlehome,igq3da,t3_igq3da,Anyone have the issue with their audio groups where they don‚Äôt play at the same time? One speaker will play and the other does nothing even though they‚Äôre both in the same group. I just set them up and they both work individually.,,1,Help,https://www.reddit.com/r/googlehome/comments/igq3da/anyone_have_the_issue_with_their_audio_groups/,Dynamite2197,1598407314.0
2,googlehome,igpf5w,t3_igpf5w,Your Google Home Isn't Set Up Yet....,"Someone please help me! 

I moved into a new apartment building and set up my google home mini. It worked fine for about 2 days and then it started saying that it wasn't set up yet. I have set it up about a million times since then and still nothing. I always finish all the steps too and then it does the dumb update and then tells me to talk to the speaker but it's the same bs again ""not set up yet...go to the app...blah blah blah""

&#x200B;

Also, in the app I can see the play music button, the routines, etc. It just won't perform any of it. I also tried contacting google but they just told me to fill out a feedback form. Please, help! I will throw this out the window.",1,,https://www.reddit.com/r/googlehome/comments/igpf5w/your_google_home_isnt_set_up_yet/,natty-b0h,1598404755.0
3,googlehome,igpbj6,t3_igpbj6,GoogleHome Products Randomly unable to connect to Wifi,"Context:
 Hello I recently replace my modem and router and as a result had to remove my Google products from the home app and re-add them for them to work.

Problem:
 Since then I have been randomly encountering this problem where one of the product cant connect to the home app saying it cant connect to the network even though the network shows a connection. My ecosystem consist of 3 chromecasts, 2 speakers and 1 light.

Does anyone have any experience or advice as to why this is occurring?",1,Help,https://www.reddit.com/r/googlehome/comments/igpbj6/googlehome_products_randomly_unable_to_connect_to/,Kiraqueen021,1598404370.0
4,googlehome,igocim,t3_igocim,Event Push Notifications,"I have a nest hub and I am annoyed at how I can‚Äôt find this feature. 

I know that I can ask ‚Äúwhat‚Äôs next on my calendar‚Äù or manually ask it to set a reminder at a certain time, but is it possible to have the nest hub notify me of an event (set in google calendar) automatically, just like it would on your phone?


And for those that want to say ‚Äújust use your phone‚Äù, of course I know that I could use my phone. But that defeats the point of having a device marketed as an ‚Äúassistant‚Äù. If my hands are dirty because I‚Äôm cooking, or I don‚Äôt otherwise have access to my phone, it would be nice for this display to notify me without asking.",1,,https://www.reddit.com/r/googlehome/comments/igocim/event_push_notifications/,geezy2089,1598400681.0
5,googlehome,igo2uw,t3_igo2uw,Google Home is ONLY for the tech savvy.,"Hello Reddit, my friends son sent me here.

I am trying to download an app onto my Google home device but I can't find the app store for Google homes!

The say it's a ""service"" but there's no way in ten hells I can find it. The instructions say Go To Settings (btw why is an app store found in settings?) Then Assistant Settings then ""Services"" then ""Explore"". I can't find any of these?

Does Google not have skills like Alexa? I want to keep the LED lights on at night so I can see, I don't have space in my outlet in my hallway for a night light AND a Google Home. I need the space for my carbon monoxide detector!

This is all very confusing and they told me these new age devices were for anyone to use!",1,,https://www.reddit.com/r/googlehome/comments/igo2uw/google_home_is_only_for_the_tech_savvy/,EliotLeo,1598399700.0
6,googlehome,ignzoh,t3_ignzoh,Multiple speaker groups,"Hello,

I wasn't able to find a similar post so please excuse any repeats.

I have a nice mix of Google hubs, homes, and minis. I have a group to cast to all the devices. That works great. I decided to create a smaller group for just two of the devices. When I go to create a group, the only device available is a Chromecast that is not part of the other group I have made.

Can a hub/home/mini be a part of multiple groups? I'm trying to figure out if that's my problem or if it is something else.

Thanks!",1,,https://www.reddit.com/r/googlehome/comments/ignzoh/multiple_speaker_groups/,LoonArmy1024,1598399373.0
7,googlehome,ignltj,t3_ignltj,Camera in Google home - how is it?,"Can someone with a camera on their Google home do a quick video or gif and share how it all works? I'm wondering if it's useful at all, but I wonder how it actually works in reality. I checked youtube but most videos appear staged somehow - menus are too smooth, you know?
I was thinking of getting one of the xiaomi cameras, compatible with Google home (30 euros) to try it out, but if it's just a gimmick I'd rather use the money to get more yeelights :)",1,Help,https://www.reddit.com/r/googlehome/comments/ignltj/camera_in_google_home_how_is_it/,severanexp,1598397971.0
8,googlehome,ignaax,t3_ignaax,Can I Slideshow Photos from Google Photos on Chromecast via Mobile?,"Can I use Google Photos to display a slideshow on my Chromecast via my mobile? 

The ambient mode slideshow doesn't show all of the photos on my album I want to slideshow - I'd like to see them all.",1,Commands | How To's,https://www.reddit.com/r/googlehome/comments/ignaax/can_i_slideshow_photos_from_google_photos_on/,tommoschmidt,1598396814.0
9,googlehome,igm4c1,t3_igm4c1,Our feedback was heard,,2,,https://i.redd.it/is9bdvr327j51.png,jotafett,1598392828.0
10,googlehome,iglrtg,t3_iglrtg,Strange Tone From Google Home Mini,"My Google home just made a noise that I don't recognize. Out of nowhere a sound I can only transliterate as ""Buh-buh, buh-buh"" came from my Google home mini. I asked it ""what's up"" thinking it might be a new sound for a reminder or some such, but its reply was contextually unaware of the sound it just made.

I was recently casting to a speaker group that includes this speaker from chrome on my Mac. 


Any ideas?",1,Help,https://www.reddit.com/r/googlehome/comments/iglrtg/strange_tone_from_google_home_mini/,jyonah,1598391700.0
11,googlehome,igl7me,t3_igl7me,"when ask google home to play some video in netflix or youtube over my sony android tv, it says sorry can't play now try again later.. any idea why this happens ?",,1,,https://www.reddit.com/r/googlehome/comments/igl7me/when_ask_google_home_to_play_some_video_in/,bharadws,1598389931.0
12,googlehome,igl229,t3_igl229,Premium Subscription?,My son wanted to play a Mickey adventure this past weekend and the mini responded by telling us that a premium subscription is required. It also went on to tell me a premium subscription is needed for weather. Is this a new change? I already have you tube premium and Nest Aware+. Are we going to be charged now for features that worked before?,1,,https://www.reddit.com/r/googlehome/comments/igl229/premium_subscription/,Ju1ce_22,1598389456.0
13,googlehome,iggcjw,t3_iggcjw,"Against all odds, trying to make 2 max speakers set up work","So even though I saw plenty of issues about this online, I just had to get 2 GH max speakers for my birthday. We have a small 1-bedroom apartment and it just seemed like the smart affordable solution. We were always pretty happy up until now with the rest of the GH products we purchased (we have 2 mini's, 1 chromecast ultra for the samsung TV and 1 chromecast audio for a Marshall Stanmore speaker).

As I saw online, you need a complicated setup to play from the TV without delay (connect from the TV optical to an analog converter, to a L/R splitter, to aux for both speakers).

My experience so far:

1. When playing anything on the TV not using the chromecast, the speakers have to be set to 100% and even then they're still kinda low.
2. This also means you have to mute the mic, otherwise whenever the assistant says something, the entire neighborhood can hear it. Which sucks, since now these are not smart speakers anymore.
3. In this set-up you cannot pair the 2 speakers to work as stereo pair (that will cause the delay issue with the TV). So when I play music I stream to the TV. This streams through the chromecast, so the volume is normal (very loud). I tried setting up routines to automatically set the volume down, but they almost never work.
4. Trying to combine the speakers to a speaker group and control the volume like that is also buggy: when the aux is playing music the speakers and group are unresponsive. when they do respond, changing the volume changes only one speaker and resets to a different value than was input.

Would love to know other people's xp and tips with this setup, and which of the issues are known bugs",1,,https://www.reddit.com/r/googlehome/comments/iggcjw/against_all_odds_trying_to_make_2_max_speakers/,Free_Butterscotch253,1598375325.0
14,googlehome,igko3q,t3_igko3q,"Can someone explain why when I ask Google to play music, it double beeps 4 times? It will then start the music but all four lights will flash continuously. When the song is over it will double beep couple of times. Lights still flashing.",,1,Help,https://www.reddit.com/r/googlehome/comments/igko3q/can_someone_explain_why_when_i_ask_google_to_play/,growlingbear,1598388241.0
15,googlehome,igkh6s,t3_igkh6s,Erroneously playing music in another room,"My daughter has a Google Home Mini in her room. Settings say that when you ask it to play music, to play it on this speaker.

About 50 feet away is the master bedroom, which has a Google Home Hub.

When my daughter asks google to play a certain song, it plays in our bedroom about 50% of the time. I've scoured all settings, can't find why it's doing this. Any pointers?",1,,https://www.reddit.com/r/googlehome/comments/igkh6s/erroneously_playing_music_in_another_room/,fleetmack,1598387630.0
16,googlehome,igkd39,t3_igkd39,Google Home App Icons - Always With Honor / Graphic Design and Illustration,,2,,https://www.alwayswithhonor.com/Google-Home-App-Icons,johnkhoo,1598387283.0
17,googlehome,igjuaw,t3_igjuaw,Show security camera on Chromecast,"I'm looking to resolve an issue with my WiFi camera and Google Chromecast. 

I want to stream it to my chromecast in the living room by simply saying""ok Google, show security camera on living room TV"". 

However when I say this it keeps displaying YouTube videos under.the category of security cameras. 

Any help would be very.much appreciated. 

Thanks",2,Help,https://www.reddit.com/r/googlehome/comments/igjuaw/show_security_camera_on_chromecast/,TheWelshOne83,1598385683.0
18,googlehome,igj7rk,t3_igj7rk,What smart lights work best with Google home?,"I love smart lights. I love setting em to turn in when I wake up, off if I leave or at certain times of day. Originally I got Merkury llbrand lights, managed and owned by Geeni, and they worked well at first but got worse. A big issue now is that the colors they shine don't match at all what Google home tells them to be.

I'm gonna start replacing them, and probably keep as spares or backups, but I don't want to mess up and buy a bad brand. I'd rather go expensive and take a while to update them this time if I have to.",1,,https://www.reddit.com/r/googlehome/comments/igj7rk/what_smart_lights_work_best_with_google_home/,Toosdeys,1598383791.0
19,googlehome,igiwul,t3_igiwul,I can't request my phone to send a text from anywhere near a Google Home Item,"I used to use ""OK Google"" to summon my phone assistant to send text messages often. I can't do that anymore because whenever I do try at home, the phone defers to the Google Home and Google Home responds ""sorry I cannot send sms messages""

Is there a workaround that I'm not aware of? Thanks in advance! 

For clarity, I know that the Google Home doesn't send SMS but is there a way that when I summon my phone to do this, it doesn't defer to the Google Home?",1,,https://www.reddit.com/r/googlehome/comments/igiwul/i_cant_request_my_phone_to_send_a_text_from/,harshbr0wn,1598382853.0
20,googlehome,ighxsz,t3_ighxsz,Google Home Nest vs Point Question (Ethernet),"Hey guys, I have an ethernet question about these. I just rented an apartment, which is a separate unit that is about 10/15 yards from an actual house. The apartment unit is rented out from the people who own the house next door. They said they use the Google home nest thing for internet, and i believe in the apartment unit is a Nest Point to extend the wifi from their house. I game A LOT on my Xbox one when im not working and they told me that there are no ethernet ports in the apartment unit. So my question is if the internet quality/lag is awful, how can I fix the issue and find a way to get ethernet access to my Xbox? Can I get a remote router and do that? Thanks for any help or clarification!",1,Help,https://www.reddit.com/r/googlehome/comments/ighxsz/google_home_nest_vs_point_question_ethernet/,BaseballisLife3300,1598379949.0
21,googlehome,igham0,t3_igham0,Google Home + Spotify : lower volume?,"Hi!

In the last 4 years I kept playing all my assistant devices at 20% volume, using Spotify.

Now it barely audible.

Did someone notice this too?

Thanks",3,,https://www.reddit.com/r/googlehome/comments/igham0/google_home_spotify_lower_volume/,FOX_ITA,1598378102.0
22,googlehome,igh98w,t3_igh98w,School time! I need help with Family Bells and the Start the School Day feature.,"We have Google Home speakers in every room of the house.  So, these new school related features would work great for us, if I can get them working the way I need.  


First!  ""Start the school day"" command.  The Google Home device that hears the spoken command will play a school bell, simulate a busy school hallway sound, and rotate colors on the smart lights to simulate movement.  It's really cool!  BUT!  It will ONLY play the sounds on the speaker that heard the command.  I can't call it in a routine.  And, I can't get it to play on multiple speakers.   


Desired result:  call the command in a timed routine and have it play on all connected home devices.  


Second!  Family Bells.  Not that dissimilar to a routine that broadcasts a message to a specific speaker.  This feature was touted as helping keeping kids on track by sending alarms bundled with a message to a specific speaker.  It almost works perfectly, until multiple children need a timer at the same moment.  My kids Zoom meetings coincide, and Google will only play one of the scheduled bells on one of the speakers and ignore the rest.  I can offset one of the messages by a minute and have them work, but does it work for anybody else?  


Desired result:  schedule two family bells for two different rooms / speakers at the same time and have them both announce successfully. 

&#x200B;

Honestly, the family bells I can work around with routines, so that's more a curiosity if it's just me.  The simulated school sounds I would LOVE to get working though.   Thanks!",1,Help,https://www.reddit.com/r/googlehome/comments/igh98w/school_time_i_need_help_with_family_bells_and_the/,KingOfSwanland,1598377993.0
23,googlehome,igh76m,t3_igh76m,Photo date and Location added to Nest Hub and Chromecast,"Per a Google Email I just received.  Took way too long to add but I'm glad it's finally there:

&#x200B;

 üì∑ 

Starting September 15, your photos on your Google Nest displays and Chromecast devices will be updated to show the dates and locations they were taken. We will only show this information for photos that have embedded date or location information. We hope this update will help you relive some of your favorite memories.  


This change only applies to photos from your Google Photos library that have been selected to appear on your displays or Chromecast devices.  


This change will only apply if:

\-Your device is set to show photos from your Google Photos library

\-Your **Personal photo data** setting is on **Show**  


If you don‚Äôt want your displays or Chromecast devices to show your photos‚Äô dates and locations, open the Google Home app, go to Photo Frame settings, and adjust **Personal photo data** to **Hide**.  


‚Äì The Google Nest team",4,,https://www.reddit.com/r/googlehome/comments/igh76m/photo_date_and_location_added_to_nest_hub_and/,vansmackCA,1598377822.0
24,googlehome,igh33k,t3_igh33k,Nest x Yale lock support with the new iOS update + dark mode!,,2,,https://i.redd.it/54jb9yxcr6j51.jpg,danielkindra,1598377478.0
25,googlehome,igh1zr,t3_igh1zr,Nest displays and Chromecasts will show picture location & dates starting September 15th,"I just got an email from Google that says this: 
 	
""Starting September 15, your photos on your Google Nest displays and Chromecast devices will be updated to show the dates and locations they were taken. We will only show this information for photos that have embedded date or location information. We hope this update will help you relive some of your favorite memories.

This change only applies to photos from your Google Photos library that have been selected to appear on your displays or Chromecast devices.

This change will only apply if: Your device is set to show photos from your Google Photos library Your Personal photo data setting is on Show
If you don‚Äôt want your displays or Chromecast devices to show your photos‚Äô dates and locations, open the Google Home app, go to Photo Frame settings, and adjust Personal photo data to Hide.

‚Äì The Google Nest team""

Looks like /u/smuttyzan got his wish: https://old.reddit.com/r/googlehome/comments/id7uho/chromecastdisplays_should_have_an_option_to/",5,News,https://www.reddit.com/r/googlehome/comments/igh1zr/nest_displays_and_chromecasts_will_show_picture/,410_Bacon,1598377394.0
26,googlehome,iggzm3,t3_iggzm3,"Home Mini Keeps Increasing Volume if at 100%, but not if the volume is anything less than 100%.",,2,Help,https://v.redd.it/y7kc09vbq6j51,ihaveavisionn,1598377204.0
27,googlehome,igfgqz,t3_igfgqz,You can view all your cameras on a single page in the latest Google Home update!,,2,,https://i.imgur.com/ACph6vP.jpg,PhilStation,1598372769.0
28,googlehome,igepzp,t3_igepzp,"Inexpensive Tuya Video Doorbells that claim to work with Google home, don't really.","Just thought i'd post here as there does seem to be some demand out there but not much info, been looking for a solution for my flat as we don't have any wiring in place and running power is not really an option, so no Nest Hello.

There are a crop of inexpensive video doorbells on amazon now, based on the Tuya Smartlife system. They list themselves as being compatible with google assistant, which is only partially true.

The issue is, they only show up as a video camera. There is no button trigger component. So while you can saw ""google show me the front door"" and it does work, there is no notification what so ever on any of your Google hubs or speakers. The only notification is on your phone running the smart life app.

I even tried to use IFTTT to see if I could build a routine to make alerts happen, but even that component seems terribly broken and no options work as triggers.

I've tried all three models currently on Amazon, and they all work the same way.

So close, and yet so far.",1,Product Review,https://www.reddit.com/r/googlehome/comments/igepzp/inexpensive_tuya_video_doorbells_that_claim_to/,PrpleMnkyDshwsher,1598370472.0
29,googlehome,igel8h,t3_igel8h,Why is my Google home obsessed with music?,"Me :""hey google pause"" 

Google home: Okay! Playing prices by Lil Uzi Vert.

Today it played playin wit me by Kyle for some godforsaken reason.

Not to mention she just randomly ignores me sometimes. 

I get this issue every single day.",3,,https://www.reddit.com/r/googlehome/comments/igel8h/why_is_my_google_home_obsessed_with_music/,firemonkey_31,1598370058.0
30,googlehome,ige7ke,t3_ige7ke,"Nest Mini ""Not Connected to WiFi"" After Power Outage","It's happened a few times now where one of my 4 nest/google mini speakers (the same one each time) will not auto-rejoin my google home nor listen to commands. It somehow gets disconnected from the ""home"" setup during power outages. I must open the Google home app and let it re-add/find the device again. Is there like a CMOS battery or something that needs replacing? My WiFi in the house is pristine. It does seem to remember the device name though.",1,,https://www.reddit.com/r/googlehome/comments/ige7ke/nest_mini_not_connected_to_wifi_after_power_outage/,vahnx,1598368875.0
31,googlehome,ige5ka,t3_ige5ka,Have the shortcuts option been removed?,"I've been looking for a way to set up shortcuts in the app, and am having zero luck. I'm trying to make it so I can say something like ""Turn on the Radio"", instead of ""Play Indie 1.0 on SiriusXM"". 

There's a bunch of tutorials and videos basically saying I should go to the Home App > Settings > More Settings > Shortcuts, but the More Settings option doesn't exist in my app on either iOS or Android. 

Did they remove this feature? And Yes, I'm in the US.",1,,https://www.reddit.com/r/googlehome/comments/ige5ka/have_the_shortcuts_option_been_removed/,WheatlyWoodson,1598368696.0
32,googlehome,igdr60,t3_igdr60,Home app icon,"Does anyone know where I could download the icons that are in the Google home app? 

I'm using action blocks and want to use icons that match the Google Home app.",1,,https://www.reddit.com/r/googlehome/comments/igdr60/home_app_icon/,KRayZRay718,1598367401.0
33,googlehome,igd7aa,t3_igd7aa,Google / Nest Speakers and Displays can now be added to the power button quick control menu in Android 11.,,7,,https://www.reddit.com/gallery/igd7aa,PhilStation,1598365576.0
34,googlehome,igd4f7,t3_igd4f7,Routine for baking: How do I broadcast at the end of a timer?,,3,Help,https://i.redd.it/ponwuzw7r5j51.jpg,AmUser_Name,1598365325.0
35,googlehome,igd3xe,t3_igd3xe,Google Home Cannot play Netflix on my Android TV (Phillips)," Hello Google fans!

I was wondering why my google home keeps telling me """"Sorry I can't play Netflix on Android TV yet""""

While i have Netflix linked to my google home app, and also use the same emails on the television.

I do have a Phillips 60PUSblabla android TV with Chrome-cast built in (2019/2020 Television)

I was wondering if someone else had this problem and how they fixed this issue?

Greetings!",1,Help,https://www.reddit.com/r/googlehome/comments/igd3xe/google_home_cannot_play_netflix_on_my_android_tv/,snugsel,1598365278.0
36,googlehome,igd3wf,t3_igd3wf,"Dark mode has arrived, at long last!",,567,,https://i.redd.it/qhfofco2r5j51.png,PhilStation,1598365275.0
37,googlehome,igahye,t3_igahye,Home Hub showing Temperature in Fahrenheit,"As the title says, my Home Hub suddenly started showing the temperature outside in Fahrenheit even though I have always had in Celsius. I never changed a setting for this, it just did it overnight without me knowing.

How can I fix this since I live in Europe and Fahrenheit is used nowhere here?",2,,https://www.reddit.com/r/googlehome/comments/igahye/home_hub_showing_temperature_in_fahrenheit/,Dellhound,1598355810.0
38,googlehome,ig9smh,t3_ig9smh,Please tell me there is a way to do this,"I'm wanting to know if I can type a command in Google assistant to be played on my Google home mini? Every thing I try to search doesn't give me the answer I'm looking for. What I'm trying to do is tell my speaker to play ocean waves for bed but not to say it out loud & wake my husband. Now I know I can stream from my phone to it but the problem I have with that is that I like to play games on my phone until my sleeping medication kicks in and if I stream, the game sounds will go over the speaker and I don't want that either. Please tell me there is a better solution!",4,Help,https://www.reddit.com/r/googlehome/comments/ig9smh/please_tell_me_there_is_a_way_to_do_this/,lovelytia518,1598352635.0
39,googlehome,ig9ef1,t3_ig9ef1,"Anyone based in the UK and a BT customer, check your emails (promotions in Gmail) I received an email this morning offering a Google Nest Hub (Charcoal) for ¬£29.99.",,7,,https://www.reddit.com/r/googlehome/comments/ig9ef1/anyone_based_in_the_uk_and_a_bt_customer_check/,deadsexypenguins,1598350655.0
40,googlehome,ig9ecu,t3_ig9ecu,Congrats Google! You played yourself with these YT Ads,"These ads run CONSTANTLY on YouTube and I got so tired of them setting off my Google Homes that I disconnected them and now exclusively use Amazon Echoes.  Sooooo...job well done, Google.

FWIW, Amazon somehow gives their Alexa devices the ability to ignore their commercials so they don't troll their existing customers.  Maybe Sundar can give Jeff a call and ask how they do it.  That's assuming the intent wasn't to have your customers unplug the devices you're trying to market because they got tired of being trolled...?

 [https://www.youtube.com/watch?v=NSmfwjNRh0k&list=RDCMUCIG1k8umaCIIrujZPzZPIMA&index=5](https://www.youtube.com/watch?v=NSmfwjNRh0k&list=RDCMUCIG1k8umaCIIrujZPzZPIMA&index=5)",4,,https://www.reddit.com/r/googlehome/comments/ig9ecu/congrats_google_you_played_yourself_with_these_yt/,Howardhorst2018,1598350646.0
41,googlehome,ig75yx,t3_ig75yx,home app works and shows devices but they don't respond,"Did some searching and didn't see anything...

Upgraded my WiFi modem to a Nighthawk (bridged from AT&T AC WiFi gateway)

reconnected my Google home assistants and thermostat.
Nothing out of the ordinary.

Now I'd say the last week or so the home assistants and my phone assistant (pixel 3a) won't respond.

They'll blip, listen, then do nothing.
Reset, re-setup on 5G and 2.4 no change.
Re-trained voice model. No change.


I can view and change settings, adjust volume for them in the home app. Casting audio ""connects"" but routes audio thru my phone still.

Home and Mini:
System firmware version: 222572
Cast firmware version: 1.49.222572

Pixel 3a
Build Number:
QQ3A.200805.001",1,Help,https://www.reddit.com/r/googlehome/comments/ig75yx/home_app_works_and_shows_devices_but_they_dont/,ZachUSN89,1598338777.0
42,googlehome,ig6thx,t3_ig6thx,Feature Request- Duo call on all devices Simultaneously,I would like Duo calls to be answered on more than one Google Home/Nest device simultaneously such that I can walk from room to room and continue to talk to the recipient as I go about my day.,0,,https://www.reddit.com/r/googlehome/comments/ig6thx/feature_request_duo_call_on_all_devices/,StreetRacer09,1598336966.0
43,googlehome,ig66g6,t3_ig66g6,Lenovo smart clock,"I have one set up at my bedside and twice this week someone has pulled into my driveway and their music starts playing. 
How do I stop this from happening and only respond to me and only me is this possible?",0,Help,https://www.reddit.com/r/googlehome/comments/ig66g6/lenovo_smart_clock/,EmergencyStash,1598333773.0
44,googlehome,ig5zeo,t3_ig5zeo,Is there any speculation that the Home Max will go on sale like I‚Äôve seen everything else go on sale? I want to buy a bunch of speakers to place throughout my house but they‚Äôre not the cheapest currently...or is it a newer product?,,2,,https://www.reddit.com/r/googlehome/comments/ig5zeo/is_there_any_speculation_that_the_home_max_will/,dragglewaggle,1598332830.0
45,googlehome,ig54yp,t3_ig54yp,Google Home Max Made for Canada,I read somewhere that a Google Home Max manufactured to be sold in Canada may not work with our wifi networks in the US. Does Canada use different wifi frequencies and channels than the US?,0,,https://www.reddit.com/r/googlehome/comments/ig54yp/google_home_max_made_for_canada/,Den_in_USA,1598329014.0
46,googlehome,ig4jbx,t3_ig4jbx,"Can You Use The Word ""The"" When Telling GH To Turn Something On/Off?","Turn on THE lamp?  Turn on THE tv?  Turn on THE fan?  Since having to redo all my smart devices, I've had to drop the word ""the"" for on/off control.  I could say ""the"" previous to installing a new router and reinstalling all my devices.",0,,https://www.reddit.com/r/googlehome/comments/ig4jbx/can_you_use_the_word_the_when_telling_gh_to_turn/,monicakmtx,1598326548.0
47,googlehome,ig4akh,t3_ig4akh,"Need Help Setting Up ""Dining Room Lamp"" TP Link (Kasa) Light Bulb","This lamp has been set up with this same TP Link bulb for the last 3+ years.  I've had to reset everything from scratch after a new router install.   This is the lasts of the 36 IOTs.  

I did a factory reset of the bulb.  Setup in the Kasa app went well and I can turn it on and off using my phone and both the Kasa or GH app.  But when I ask GH to turn it on/off, I'm told, ""One or more devices aren't available.  You might want to try setting them up again"".   I told GH to ""sync my devices"".  Didn't help.  The lamp, router, GH and I are all in the same room so it's not an out of range issue.  I'm going to try again but I know I didn't do anything wrong with the setup.  GH and Kasa both show the lamp is in the Dining Room and the lamp name is ""Dining Room Lamp"".   Did I over-look something?",0,,https://www.reddit.com/r/googlehome/comments/ig4akh/need_help_setting_up_dining_room_lamp_tp_link/,monicakmtx,1598325657.0
48,googlehome,ig33yz,t3_ig33yz,"Got added as a ""manager"" to Google home for the family I nanny","This is my first time utilizing Google home. I'm a little confused about my privacy options.

Today my boss had me connect to the family Google Home so I can monitor the kids wifi. As I was going through settings I saw an option for my photos to be shared to devices. My question is, can they automatically see my photos, videos, history, etc? ..or only if they are logged in to my account? 

Thanks!",3,Help,https://www.reddit.com/r/googlehome/comments/ig33yz/got_added_as_a_manager_to_google_home_for_the/,dracaenaechinecea,1598321163.0
49,googlehome,ig1xk5,t3_ig1xk5,Google Home Mini not connecting to Wifi,"So my google home mini disconnected and since then im not able to reconnect it to the wifi, ive turned my router on and off multiple times, also turned to google home on and off multiple times, checked the version of the app and still nothing, does someone know what to do?",1,,https://www.reddit.com/r/googlehome/comments/ig1xk5/google_home_mini_not_connecting_to_wifi/,Mat_Conte,1598316734.0
50,googlehome,ig1bmd,t3_ig1bmd,Speaker won't let me play music from my Phone any idea? This has been an ongoing issue for 2 months I've reset my router I've reset the Google home I've uninstalled the app and I've reinstalled the app I'm at the point where I'm just going to chuck it out the window,,1,,https://i.redd.it/7hkt3v68k1j51.jpg,saulisbeast,1598314545.0
51,googlehome,ifzh1x,t3_ifzh1x,"When I cast Spotify to my Home, 90% of the time the volume is set to max?","Before I even play the song I need to check the volume and most times it's at the highest volume, so I have to turn it down every time to avoid giving myself a fright!

The volume from the previous casting is always on low, and my media volume on my phone (not casting) is also low, finally when I start my Google Home the volume on it is on minimum, like one or two? It's super annoying and weird that as soon as I cast the GH sets itself to max volume. Any ideas why it does this? And is it a phone problem or a GH problem? I have a OnePlus 5T.",1,Help,https://www.reddit.com/r/googlehome/comments/ifzh1x/when_i_cast_spotify_to_my_home_90_of_the_time_the/,yellowkittt,1598308133.0
52,googlehome,ifxyn2,t3_ifxyn2,Websites to Use My Recipes with Google Home?,"I love using my Google Home to help me cook. I was wondering if anyone could recommend any recipe websites that have direct Google Home integration. I want to be able to put my personal recipes on a website and then tell Google to ‚Äúcook MY slow cooked bolognese‚Äù, and it bring up my recipe instead of some random slow cooked bolognese. 

Does this even exist? If anyone could help I would very much appreciate it.",2,Help,https://www.reddit.com/r/googlehome/comments/ifxyn2/websites_to_use_my_recipes_with_google_home/,sarah_hawkes_28,1598303449.0
53,googlehome,ifxnwz,t3_ifxnwz,Defaulting to YouTube for Music,About a week ago my Google Displays are now defaulting to Youtube (standard not YT Music) instead of Spotify.  I've checked and spotify is the default.  Any one else having this?,3,,https://www.reddit.com/r/googlehome/comments/ifxnwz/defaulting_to_youtube_for_music/,dellis87,1598302563.0
54,googlehome,ifxfto,t3_ifxfto,Debugging Google Home,"Every now and then I get the message ""Humm.. something went wrong""

Is there a way to debug or see any logging of what happened??",1,Commands | How To's,https://www.reddit.com/r/googlehome/comments/ifxfto/debugging_google_home/,brazilian_irish,1598301897.0
55,googlehome,ifxdq4,t3_ifxdq4,I'm sorry... WHAT?,,11,Bug,https://i.redd.it/buo14z34i0j51.png,Delton_17,1598301728.0
56,googlehome,ifww5d,t3_ifww5d,Google Home Max speaker with Apple TV,"So I've got a pair of Max speakers and I am trying to pair it with my Apple TV 4K. The only way to do that seems to be using Bluetooth, however, via Bluetooth, the speakers have a huge audio lag (about 1000ms) which makes videos of any sort basically unwatchable.

Is there any way to fix the audio lag? The Google Home app only seems to allow correction of 200ms.

Or is there any other way to output audio from Apple TV to Google Home speakers? (Maybe using a Chromecast audio?... I've never had one...)",1,,https://www.reddit.com/r/googlehome/comments/ifww5d/google_home_max_speaker_with_apple_tv/,nalcz,1598300244.0
57,googlehome,ifvvsz,t3_ifvvsz,"Can you have alarms say a custom phrase? I need alarms that announce, ""time for math class"", ""five minutes til lunch"", etc. (Google home, not a display screen). Thanks!",,1,Help,https://www.reddit.com/r/googlehome/comments/ifvvsz/can_you_have_alarms_say_a_custom_phrase_i_need/,NoYoureACatLady,1598297216.0
58,googlehome,ifuuj3,t3_ifuuj3,How to get a single chime?,"I use the alarm on my google home, but its kind of a pain to say ""hey google, cancel the alarm"" every time. If I dont run downstairs and do that, it just chiming forever.

I just want to hear a single chime, and then stop repeating without any response from me. Or even better, if it could just say ""its time to put the baby to bed"" and then stop talking.

Is this possible?",2,Help,https://www.reddit.com/r/googlehome/comments/ifuuj3/how_to_get_a_single_chime/,dingredient,1598294124.0
59,googlehome,iftx4e,t3_iftx4e,Cheapest google assistant speaker?,So I am looking for a bunch of cheaper google assistant speakers so I can put one in each room of my home. I have a few Altec Lansing google assistant speakers I got on clearance from walmart awhile ago and so I am looking for some sort of deal like that.,4,,https://www.reddit.com/r/googlehome/comments/iftx4e/cheapest_google_assistant_speaker/,charely6,1598291380.0
60,googlehome,iftg8i,t3_iftg8i,Nest Cams unmigrated & Shared to migrated acc on Home Hub,"Hi guys.

Basically I currently have a home hub and it works to see my migrated cameras on the same account. 

Now I have another account, unmigrated (for use with Apple TV) which is sharing to my main account. 

Would it be possible to add these cameras as well? And if not, would migrating that account let me do this?

TIA",1,,https://www.reddit.com/r/googlehome/comments/iftg8i/nest_cams_unmigrated_shared_to_migrated_acc_on/,Cavalius1,1598289989.0
61,googlehome,iftf58,t3_iftf58,"With classes starting up, I thought I'd repost this. I recently built a Google Home app, Grillme, that lets you get quizzed by your assistant. You can add quizzes and have your assistant quiz you. Hope it can help some of you study: https://grillme.dev/!",,346,Commands | How To's,https://youtu.be/6nsCrY6VBYg,EMT101011,1598289899.0
62,googlehome,ift4bx,t3_ift4bx,Smart Pet Feeder controled by ESP32 and Google Assistant,,8,,https://youtu.be/qfJp2Xqc_sA,emuriba,1598288979.0
63,googlehome,ifs7lm,t3_ifs7lm,Google home won't broadcast to single Google home device,"I've factory reset the device in question, but when we broadcast a message, it works on all of them expect this one. Volume is turned up and works in every other way. Not sure where to look next.",3,,https://www.reddit.com/r/googlehome/comments/ifs7lm/google_home_wont_broadcast_to_single_google_home/,BruhWhySoSerious,1598286279.0
64,googlehome,ifrcfq,t3_ifrcfq,The family bell rings for waaaaaaaay too long,"I intended to use the family bell as a scheduling thing, but after it's been running today I can say unfortunately it goes on for way too long. A solid 10 seconds of ringing, it says what I wrote, then another 10 seconds of ringing. Why??

The ringing after the message can be done away with completely. I don't see a point to it. If you argue that it's for people who didn't hear the first stuff, they wouldn't have heard the text anyways, so they wouldn't know what it was for. 

The initial bell is far too long. It only takes a short, simple bell for everyone to hear it - sort of like the bell for ""It's dinner time!"".  Having it ring twice at 5 seconds each is just way overboard.

Can we have a way to adjust it? Or can it be shortened? Please?",4,Features WishList,https://www.reddit.com/r/googlehome/comments/ifrcfq/the_family_bell_rings_for_waaaaaaaay_too_long/,SerinitySW,1598283566.0
65,googlehome,ifq3gm,t3_ifq3gm,"Anyone know what these ""bases"" are called on Amazon? Mine tore off, so I need a new one for my G-home. All I saw on amazon were portable base+ battery combo. I am only looking for base. TYIA.",,15,Help,https://i.redd.it/n4z6my56oyi51.jpg,EconomicBroadsword,1598279550.0
66,googlehome,ifpi3c,t3_ifpi3c,Can I use a physical button to start Spotify playlist on a Home Mini?,"I want to use a physical button or switch that anyone can press to start a specific one of my Spotify playlists on a specific Home Mini. The playlist needs to be started at any time (so can't use scheduled routine). 

Can I use a Logitech Pop Button for this? If not, is there another way I can achieve this, please?
Thanks!",4,Help,https://www.reddit.com/r/googlehome/comments/ifpi3c/can_i_use_a_physical_button_to_start_spotify/,Lanaaaa19,1598277561.0
67,googlehome,ifnygy,t3_ifnygy,"What accounts for these differences in speed? I pay Verizon for 300 up/down. The 1st test is from the Google Home app. The 2nd test is from Ookla. Same home, same Google Nest WiFi. Why are they so different?",,13,,https://i.redd.it/ck95v89c1yi51.jpg,neuroticsmurf,1598271872.0
68,googlehome,ifmfyi,t3_ifmfyi,Trafdri with Google Home,"Hi all

I'm new to Google Home but have been using (dare I say it) Alexa for a couple of years.

I purchased a Nest Hub a month ago as I fancied something a bit different for the kitchen. My Tradfri bulbs are connected via SmartThings as using the the Ikea app gave me a headache.

The question is, how can I import everything from SmartThings into Google Home? I don't really want to reset all the Tradfri lights as they're working perfectly.",0,,https://www.reddit.com/r/googlehome/comments/ifmfyi/trafdri_with_google_home/,aliv3insid3,1598264754.0
69,googlehome,ifly0s,t3_ifly0s,Can you use the power supply from GH Mini (Gen 1) to power a Nest Mini? (Gen 2),"Is this safe to do? I lost the power cord for my Nest Mini, but have one from my old Google Home Mini. Thanks.",1,,https://www.reddit.com/r/googlehome/comments/ifly0s/can_you_use_the_power_supply_from_gh_mini_gen_1/,BajaBlast13,1598262131.0
70,googlehome,ifj01z,t3_ifj01z,Is it just me or is the voice assistant being particulary dense recently?,"My tinfoil-hat-theory is that google is trying to collect examples of exasperated ranting for its database.

\[edited an werd\]",8,,https://www.reddit.com/r/googlehome/comments/ifj01z/is_it_just_me_or_is_the_voice_assistant_being/,matthewshore,1598246398.0
71,googlehome,ifij36,t3_ifij36,Water resistance among google home minis?,Thinking of adding one in our bathroom but it‚Äôs not the greatest ventilation in there. Bad idea or has this worked ok for others?,1,,https://www.reddit.com/r/googlehome/comments/ifij36/water_resistance_among_google_home_minis/,Nonadventures,1598244186.0
72,googlehome,ifevhn,t3_ifevhn,YouTube Music on Google Home,"Something that's bugged me about GH...if you start playing music from YTM on your Google speakers using GA, it shows up in a card in GH, but if you then go to YTM, it's not playing there. Why?",3,,https://www.reddit.com/r/googlehome/comments/ifevhn/youtube_music_on_google_home/,gregsedwards,1598229459.0
73,googlehome,ifem2l,t3_ifem2l,Chromecast 2 lost internet will not reconnect,"So this evening my daughters cc 2.0 decided to drop the wifi and after trying the app and a factory reset it keeps telling me wifi requires login and isn't accessible yet I connect to the 2.4 and 5 ghz just fine.

Anyone else having reconnecting issues/new devise adding problems?

EDIT ended up doing a factory reset of Asus mesh system and the problem cleared.",1,,https://www.reddit.com/r/googlehome/comments/ifem2l/chromecast_2_lost_internet_will_not_reconnect/,Fallen_Akroma,1598228463.0
74,googlehome,ifdt96,t3_ifdt96,Have to ask twice for everything,"I have a Google home mini smart speaker and if I say 'Hey Google, turn the light on' it sits for a moment and then says 'there has been a glitch, try again in a few seconds'. Repeating the command right after this will cause the command to work. I've reset the device and cycled the power on all my networking gear. This happens if I ask it ANYTHING. Time, weather, lights, play music, you name it. Just about worthless. Suggestions on what to do to fix this?",6,,https://www.reddit.com/r/googlehome/comments/ifdt96/have_to_ask_twice_for_everything/,Johnkitt,1598225485.0
75,googlehome,ifd2sq,t3_ifd2sq,Use a google home device for TV audio,"Hi,

Kinda new to all the domotics/ smart home stuff and I really like to command everything in my house through voice commands.

One problem I didn't find a clear solution yet is : Is it possible to use any google speakers products to replace (or go along) my old soundbar (JBL SB250) to play my TV (Samsung 6 series) audio ? 

My TV is currently plugged into the soundbar through an optic cable, and the soundbar also has an usb port.

I'm considering buying either a Google Home Max or the [new Google Home](https://www.youtube.com/watch?v=C8MVREwkJIM) to do that, and if they are able to replace my soundbar (don't take into account sound quality) , will I need a special converter to do so ?

I appreciate any advice ! Thank you !",1,,https://www.reddit.com/r/googlehome/comments/ifd2sq/use_a_google_home_device_for_tv_audio/,k00per1,1598222745.0
76,googlehome,ifcysr,t3_ifcysr,Switching from Amazon to Google,"When Google had originally announced their first smart speaker, I was waiting patiently to get one. Well, I was not patient enough and a friend sold me their first gen Amazon Echo. I was originally determined to stick with the Google ecosystem because I had a google router and several Nest products. I‚Äôve since upgraded my router to the Google WiFi 3-pack and added numerous Nest products. 

Over the years, I have accumulated more echo devices due to crazy sales/deals where it just made sense to grab another speaker for the house. All of my smart home products are still Nest branded, so I periodically consider switching over to the Google speakers. 

My questions to everyone is based on my need to know the best way to switch over. What would y‚Äôall recommend me buying first and second? Does Google ever run sales similar to Amazon where you can get a mini for free or less than $15? Overall, I‚Äôd appreciate any advise or experience on switching over. I apologize in advance of not searching well enough for similar posts.",1,Help,https://www.reddit.com/r/googlehome/comments/ifcysr/switching_from_amazon_to_google/,areyesp,1598222362.0
77,googlehome,ifcv21,t3_ifcv21,"My google nest mini cant connect to my phone for setup, and the one time it did, it couldnt connect to the home wifi",,1,,https://i.redd.it/bxemwg80xti51.jpg,masutiraachu,1598221989.0
78,googlehome,ifcrva,t3_ifcrva,Ifttt ? How is it?,"Hey guys. I just found out about ifttt. And i wanna ask you how you feel about them. I have a google home mini and i would like to use it to control some basic aspects of my pc( wake up. Turn on and off. And so on). So mu question is. What is your opinion about ifttt. Do you use them , recommend them or not ? Thanks in advance",0,Help,https://www.reddit.com/r/googlehome/comments/ifcrva/ifttt_how_is_it/,Vladc92,1598221667.0
79,googlehome,ifco9j,t3_ifco9j,Cat just threw up and I was telling them to stop doing it and Google laid this on me,,613,Other,https://imgur.com/UZrp4fi,The_Airwolf_Theme,1598221318.0
80,googlehome,ifcfyt,t3_ifcfyt,Wifi question,Do you guys know if I need to have my phone connected to WiFi in order for the google home routines to work?,2,,https://www.reddit.com/r/googlehome/comments/ifcfyt/wifi_question/,CatsBehd,1598220522.0
81,googlehome,ifc6q7,t3_ifc6q7,"""I can't reach the internet right now...""","Hi! So I recently moved for a short time at my parents home due to covid-19 (anyway, details, details...) There am sometimes power outage in the area and we lose al the electricity for a few minutes, after the power coming back again my Google Home Mini usually starts normally except that sometimes don't, like now, is not working and if I try to talk with it, it gives me the message ""I can't reach the Internet..."" even tho there is a strong connection and I need to pull the cable out to restart it and then starts normally and working.
Is there anyway to avoid that problem/bug?
Is there anyway to restart the GHM without pulling out the power cable even to he is not connected? Something like a restart button. I tried in the home app but can't be connected until restart..
Thank you in advance! ‚ù§Ô∏è",1,Bug,https://www.reddit.com/r/googlehome/comments/ifc6q7/i_cant_reach_the_internet_right_now/,vladfaratz,1598219659.0
82,googlehome,ifbqbz,t3_ifbqbz,Google Won't Ring My iPhone?,"Forgive me, this is my first iPhone ever, so I'm sorry if this is a dumb question.

When I try to ""find my phone"" or ""call my phone,"" google asks if it should call number ending in xxxx, and when I say yes, makes a call from the speaker. It dials my number, using my number, so it always goes straight to voicemail. I'm not sure what settings I need to mess with to get it to do the thing I want it to do. I just want it to make my phone ring, lol. How do I make that happen? 

I was able to do this easily with every android phone ever, is it an android specific feature? Is there a way to disable making the google home making a phone call using my phone number?",0,Help,https://www.reddit.com/r/googlehome/comments/ifbqbz/google_wont_ring_my_iphone/,skad00bie,1598218176.0
83,googlehome,ifbeia,t3_ifbeia,Nest Smoke Alarms and Google Home,"With Google added support for cameras and WiFi to Google Home, I wish they would also add the smoke detectors.",1,Features WishList,https://www.reddit.com/r/googlehome/comments/ifbeia/nest_smoke_alarms_and_google_home/,mirdragon,1598217116.0
84,googlehome,ifb5zj,t3_ifb5zj,"Google Home routines button missing, deleted cache for Google Home and Google app without success, I use my routines for alarms but can't change them now...",,1,Bug,https://i.redd.it/hhfci137gti51.png,RemyB_,1598216388.0
85,googlehome,ifb207,t3_ifb207,Budget security cam options?,"Hey folks! 

Looking for recommendations on low-cost security cameras that play well with Google Home - ideally UK based options if possible (unfortunately, Wyze isn't easy to obtain without silly shipping costs). 

Doesn't need to be too extravagant, will be set on a windowsill pointed out my window as basic CCTV until I purchase a Nest Hello a little further down the line. Current considerations are the [TP-link Kasa (¬£35)](https://www.amazon.co.uk/Security-TP-Link-Monitor-Required-Chromecast/dp/B07RDZ7RFT) or [Eufy (¬£40)](https://www.amazon.co.uk/dp/B086KYCH4Y)

Cheers!",1,,https://www.reddit.com/r/googlehome/comments/ifb207/budget_security_cam_options/,mightypenguin66,1598216025.0
86,googlehome,ifalxh,t3_ifalxh,Need Just A Chime After The Command.,"Is there a way to stop google home to talk back after every command?. 
I really dont want to hear"" okay turning off all the devices"" etc..",6,Help,https://www.reddit.com/r/googlehome/comments/ifalxh/need_just_a_chime_after_the_command/,amndp_sngh,1598214566.0
87,googlehome,if9oz8,t3_if9oz8,Make Google Shut Up,"Hey everyone, I really love home automation and I've had Google Home in my house now for more than 2 years. I use it every day for mainly lights and alarms. But something I am baffled at, is the fact there is still no option to make Google shut up.

""OK Google, turn of all the lights""- ""Turning off 5 lights. Besides, here's a protip! If you blablablablabla""

Just give me a chime and shut up. Same with setting alarms or other simple tasks I like to use Google for that require minimal feedback.

It actually makes me use Google Home less and less, because I just don't feel like hearing all that nonsense when I'm asking for a simple thing. It distracts from conversations I am having in the house or music or other things. It's a bad thing when you start prefering standing up and using the lightswitches again because you don't want Google to fill the room with useless chatter.

Does anyone agree? Did anyone find out a way to turn it off somehow? Anyone more info on this? Why hasn't this simple thing been implemented after all these years...",13,Help,https://www.reddit.com/r/googlehome/comments/if9oz8/make_google_shut_up/,Dysanix,1598211598.0
88,googlehome,if8pq4,t3_if8pq4,Weather source changeable,"Google Home
I think this is a very important missing feature.
Ability to use your weather station's data (Netatmo) would be a great step forward.",6,,https://www.reddit.com/r/googlehome/comments/if8pq4/weather_source_changeable/,lzyla,1598208391.0
89,googlehome,if8iev,t3_if8iev,C by GE bulbs won‚Äôt connect,"I just put in the last two C by GE bulbs for my downstairs. Connected to the GE app to do a firmware update and deleted, just as I did with all the others. But they can‚Äôt be found in Google Home. 

EDIT: Tried unpairing the other GE bulbs and accidentally took out two Hues I have in one room as well. Now, NONE of them will connect. WTF, Google?

I‚Äôve reset everything multiple times and nothing seems to work. Any advice?",1,,https://www.reddit.com/r/googlehome/comments/if8iev/c_by_ge_bulbs_wont_connect/,justinc79,1598207748.0
90,googlehome,if7us0,t3_if7us0,How to create IFTTT conversation with Google Home?,"I'm trying to create what I think is an IFTTT conversation. 

I am terrible at planning meals/making meals and want the conversation to go something like:


Me: Hey Google, what should I make to eat?

Google Assistant: Do you want meat or vegetarian food?

Me: Meat

GA: Do you have a specific ingredient in mind?

Me: Chicken

GA: What about *meal name* ?

Etc etc.

How do I create a conversation like this? And can I link up my own Google Docs with recipes or meal names or something instead of Google just searching the general internet for the word ""chicken""?",1,Help,https://www.reddit.com/r/googlehome/comments/if7us0/how_to_create_ifttt_conversation_with_google_home/,onigiri467,1598205681.0
91,googlehome,if7rra,t3_if7rra,Google home not responding,"Hey, for the last weeks I have had some problems with my nest mini. Every night about 2:00am it would loose connection and when I said the wake words it would just tell me to connect it in the google home app. I tried to factory reset it and that worked for a couple of days but then the usual problem just kept on going. When I tried to reset it a couple of days ago something strange happened. Now none of the lights on the nest mini are working and it is not responding when I say the wake words. The only think that works are the volume buttons. I can tap the sides and hear the sound of the volume going down or up, but not any lights. Does anybody know how to help?",1,,https://www.reddit.com/r/googlehome/comments/if7rra/google_home_not_responding/,andgro1,1598205421.0
92,googlehome,if7ktj,t3_if7ktj,"For my Birthday, an Amazon Echo Show 5 or a Google Home Hub","Well I've been reading a lot for these devices but I am undecided. I have a home mini and an Echo Dot 3, both great devices. Now I want something new to my bedroom with a Screen that let's me watch videos or listen to music (from YouTube to NBA games) 
Which one do you recommend is the best for you according to my needs?

[View Poll](https://www.reddit.com/poll/if7ktj)",1,,https://www.reddit.com/r/googlehome/comments/if7ktj/for_my_birthday_an_amazon_echo_show_5_or_a_google/,MegamanEXE2013,1598204819.0
93,googlehome,if7cod,t3_if7cod,Controlling the slideshow order on a Google Nest Hub.,"Hey everyone, I have a question and I was hoping someone could help me. 

We've a nest hub in our kitchen, which usually plays a slideshow of photos. We've 1 shared album where we put all our photos in, which has about 170 photos in it now. But for some reason the nest hub shows only a part of all these photos.

I know that there's a setting that excludes low quality photos, but I should have that turned off, so it should show all the photos in the album. But the hub usually shows only a handful of the same photos, with once in a while a new photo, and that's it.

I'd like to know if it's possible to control the slideshow order on the nest hub, so I could set it to show oldest to newest photos, instead of the random mode it's set to now.",3,Help,https://www.reddit.com/r/googlehome/comments/if7cod/controlling_the_slideshow_order_on_a_google_nest/,Yusunoha,1598204110.0
94,googlehome,if6sg6,t3_if6sg6,How/can you set ambient mode to display hourly weather on chromecast?,I have noticed that it only shows the temperature right now. But I would like to have my TV on and display the hourly weather on ambient mode. It would be far more useful.,2,,https://www.reddit.com/r/googlehome/comments/if6sg6/howcan_you_set_ambient_mode_to_display_hourly/,CoyoteMexico,1598202259.0
95,googlehome,if6605,t3_if6605,Nest Wifi Nightmare,"I wanted to share my story, hopefully you will not make the same mistake as me.

Since the pandemic, my wife and I have been working from home.  We decided now is the best time to upgrade our wifi.  We bought a Nest Wifi Router with 2 Wifi points for \~$350.  

Setup was a breeze and having the wifi points as speakers is brilliant.  I was recommending all my co-workers to invest in one as well. 

Last week we started having issues with the router dropping internet connection every 5 minutes.  I assumed it was our ISP (comcast) or the modem.  We replaced the modem, and had a comcast service tech come to our house to diagnose the issue.  The service was still working when we plugged in the old wifi router so that pointed us to the Nest Router being the culprit.   So we tried hardwiring into the router, and still had issues!

After 4 hours of chatting with the google customer service they decided the router should be replaced.  I sent them all the critical information but they refused to process the replacement.  They required an itemized receipt from the purchase.   I had purchased the router and wifi kit about a month ago, so the receipt was long gone.   They said there is absolutely no way for the replacement to proceed without it.  The google rep asked if I could go back to best buy and ask them to re-print a receipt for me.

So here I am, trying to get best buy to go against their policy and reprint a receipt for me.  I have wasted (between comcast, the modem and Google) 8+ hours simply trying to get the product to function.",2,,https://www.reddit.com/r/googlehome/comments/if6605/nest_wifi_nightmare/,Bensonian,1598200162.0
96,googlehome,if5pnr,t3_if5pnr,Letting my child control her own Spotify account with Google Home mini voice,"This has been talked about in just about every corner of the help web, and yet...I'm still stuck. How do I get my child's voice to control her Spotify account instead of mine?

We have a single Google Home Mini, and a Spotify family plan. I'm set up to control my Spotify account with my voice, my wife with hers, my older child (6) with hers. And for my younger kid (4), I've set up a child account successfully and done the Assistant voice recognition for her successfully. But I can't get that last piece where I specify that Spotify is the default music program and then link it to her Spotify account.

With my older kid, I had set up a standard Google account years ago and then turned it into a managed kid account recently. I then got a screen-busted iPhone to be ""her"" phone, signed her in to Google Home and was able to link Spotify. But with the younger child, I had set her account up in the Family Link app, which I'm guessing is the issue. If I try to log her in to a Google Home account, it just...does nothing. I get an email saying that she was logged in and the list of thing that she's not able to do, but not specifically mentioning Google Home.

Is there any way to get this last bit to happen? I want to let her listen to Descendants to her heart's desire without polluting my library. My ""Discover Weekly"" is half Dove Cameron now!",1,,https://www.reddit.com/r/googlehome/comments/if5pnr/letting_my_child_control_her_own_spotify_account/,areseven,1598198615.0
97,googlehome,if5a67,t3_if5a67,Stop command is stopping everything?,"I'm watching TV or listening to music whatever I hear my Google home starts speaking I'm used to it picking up sounds from TV and music and around the house and I've got in the habit of telling it to stop listening and it's fine. well here lately when you tell it to stop listening it stops everything if you watching a movie if you're on the Xbox to watching YouTube it just stops everything but it continues to talk. And I'm saying say the same thing ""hey Google stop listening"".

I don't understand what the recent issue is that's causing it to stop everything. I am to the point that I'm going to unplug these and throw them in the trash. 

Please any help or advice I've done everything from adjusting my sensitivities to retraining voice and still nothing worked.",1,Help,https://www.reddit.com/r/googlehome/comments/if5a67/stop_command_is_stopping_everything/,Lurkin_BaBy_BuDDhA,1598197091.0
98,googlehome,if4465,t3_if4465,Google WiFi finally merge into Google home app,,569,News,https://i.redd.it/5rhv7zoliri51.png,tmoneyadventures,1598192930.0
99,googlehome,if3bph,t3_if3bph,Daily alarm turn off when away on Google home speaker,"I have a daily alarm on my Google home mini. It goes off when I'm away and pisses off my neighbors. I can't figure out how to even turn it off remotely through the app. But ideally I can set up an automation for when my Google nest is in ""away"" my Google home registers and turns off alarm. Any advice?",1,,https://www.reddit.com/r/googlehome/comments/if3bph/daily_alarm_turn_off_when_away_on_google_home/,jammingsloth,1598189890.0
